{
  "applications": "*",
  "changelogDate": "20231103050053",
  "clientRootFolder": "QuestionnaireService",
  "databaseType": "couchbase",
  "dto": "no",
  "embedded": false,
  "entityTableName": "answer",
  "fields": [
    {
      "fieldName": "questionnaireId",
      "fieldType": "UUID",
      "fieldValidateRules": ["required"]
    },
    {
      "fieldName": "isDeleted",
      "fieldType": "Boolean",
      "fieldValidateRules": ["required"]
    },
    {
      "fieldName": "createdBy",
      "fieldType": "UUID",
      "fieldValidateRules": ["required"]
    },
    {
      "fieldName": "createdAt",
      "fieldType": "ZonedDateTime",
      "fieldValidateRules": ["required"]
    },
    {
      "fieldName": "updatedBy",
      "fieldType": "UUID",
      "fieldValidateRules": ["required"]
    },
    {
      "fieldName": "updatedAt",
      "fieldType": "ZonedDateTime",
      "fieldValidateRules": ["required"]
    },
    {
      "fieldName": "data",
      "fieldType": "String",
      "fieldValidateRules": ["required"]
    },
    {
      "fieldName": "client",
      "fieldType": "UUID",
      "fieldValidateRules": ["required"]
    }
  ],
  "fluentMethods": true,
  "jpaMetamodelFiltering": false,
  "microserviceName": "QuestionnaireService",
  "name": "Answer",
  "pagination": "no",
  "readOnly": false,
  "relationships": [],
  "service": "no"
}
