{
  "applications": "*",
  "changelogDate": "20231103050054",
  "clientRootFolder": "QuestionnaireService",
  "databaseType": "couchbase",
  "dto": "no",
  "embedded": false,
  "entityTableName": "questionnaire_audit",
  "fields": [
    {
      "fieldName": "questionnaireId",
      "fieldType": "UUID",
      "fieldValidateRules": ["required"]
    },
    {
      "fieldName": "actionBy",
      "fieldType": "UUID",
      "fieldValidateRules": ["required"]
    },
    {
      "fieldName": "actionType",
      "fieldType": "ActionType",
      "fieldValidateRules": ["required"],
      "fieldValues": "CREATED,UPDATED,DELETED"
    },
    {
      "fieldName": "actionAt",
      "fieldType": "ZonedDateTime",
      "fieldValidateRules": ["required"]
    },
    {
      "fieldName": "client",
      "fieldType": "UUID",
      "fieldValidateRules": ["required"]
    }
  ],
  "fluentMethods": true,
  "jpaMetamodelFiltering": false,
  "microserviceName": "QuestionnaireService",
  "name": "QuestionnaireAudit",
  "pagination": "no",
  "readOnly": false,
  "relationships": [],
  "service": "no"
}
